adx_threshold,swing_period,cooldown_bars,min_vwap_dist_pct,pos_frac_cap,ema_filter,total_return_pct,cagr_pct,sharpe_ratio,sortino_ratio,max_drawdown_pct,calmar_ratio,win_rate_pct,profit_factor,total_trades,final_capital,sl_rate_pct
30,200,20,0.005,0.25,True,0.53,0.09,0.043,0.011,-13.05,0.007,36.46,1.081,96,10053.42,62.5
35,100,30,0.005,0.25,True,-2.63,-0.43,-0.075,-0.014,-11.01,-0.039,39.39,1.007,66,9737.33,60.61
30,200,10,0.005,0.25,True,-4.36,-0.72,-0.085,-0.022,-13.21,-0.054,35.09,1.01,114,9564.22,64.04
30,200,20,0.005,0.2,True,-3.8,-0.62,-0.101,-0.024,-13.22,-0.047,36.46,0.995,96,9620.41,62.5
30,200,30,0.005,0.25,True,-5.27,-0.87,-0.149,-0.033,-14.16,-0.061,35.37,0.968,82,9473.32,62.2
25,50,20,0.005,0.25,True,-8.42,-1.41,-0.166,-0.051,-18.74,-0.075,35.22,0.984,159,9157.76,64.78
35,200,30,0.005,0.25,True,-5.49,-0.91,-0.196,-0.034,-11.41,-0.079,35.71,0.917,56,9450.93,64.29
30,200,10,0.005,0.2,True,-8.37,-1.4,-0.234,-0.059,-15.05,-0.093,35.09,0.932,114,9163.47,64.04
35,100,30,0.005,0.2,True,-6.37,-1.06,-0.264,-0.046,-10.61,-0.099,39.39,0.887,66,9362.81,60.61
25,200,20,0.005,0.25,True,-11.22,-1.9,-0.28,-0.074,-22.49,-0.084,36.22,0.924,127,8878.06,63.78
30,200,30,0.005,0.2,True,-8.73,-1.46,-0.326,-0.067,-14.56,-0.1,35.37,0.868,82,9126.88,62.2
35,200,30,0.005,0.2,True,-7.7,-1.28,-0.339,-0.055,-10.88,-0.118,35.71,0.824,56,9229.86,64.29
30,200,10,0.002,0.25,True,-13.81,-2.37,-0.342,-0.095,-24.04,-0.098,32.56,0.895,129,8619.29,65.89
30,200,20,0.005,0.15,True,-8.72,-1.46,-0.35,-0.077,-14.81,-0.099,36.46,0.861,96,9127.9,62.5
30,100,30,0.005,0.25,True,-11.57,-1.96,-0.36,-0.079,-19.52,-0.1,34.07,0.865,91,8842.67,65.93
35,200,20,0.005,0.25,True,-10.6,-1.79,-0.366,-0.071,-15.04,-0.119,32.86,0.833,70,8939.65,67.14
35,50,30,0.005,0.25,True,-10.17,-1.71,-0.366,-0.07,-17.44,-0.098,33.8,0.84,71,8983.25,64.79
35,200,30,0.01,0.25,True,-8.65,-1.45,-0.376,-0.053,-11.51,-0.126,29.73,0.751,37,9135.12,70.27
25,50,20,0.005,0.2,True,-14.32,-2.46,-0.382,-0.112,-21.82,-0.113,35.22,0.893,159,8567.57,64.78
35,100,30,0.01,0.25,True,-9.11,-1.53,-0.401,-0.058,-12.59,-0.121,30.0,0.748,40,9089.34,70.0
30,100,20,0.005,0.25,True,-15.05,-2.59,-0.417,-0.107,-23.25,-0.112,32.48,0.859,117,8494.97,66.67
30,100,30,0.01,0.25,True,-11.48,-1.94,-0.418,-0.074,-13.58,-0.143,30.51,0.786,59,8852.21,69.49
35,200,30,0.01,0.2,True,-8.5,-1.42,-0.418,-0.058,-10.5,-0.135,29.73,0.718,37,9149.57,70.27
35,200,20,0.01,0.25,True,-10.28,-1.73,-0.423,-0.064,-14.25,-0.121,28.57,0.736,42,8972.35,71.43
30,200,20,0.002,0.25,True,-14.81,-2.55,-0.434,-0.106,-24.09,-0.106,31.73,0.837,104,8519.43,67.31
35,200,20,0.01,0.2,True,-9.59,-1.61,-0.44,-0.066,-12.75,-0.126,28.57,0.719,42,9041.08,71.43
35,100,10,0.005,0.25,True,-14.56,-2.5,-0.45,-0.1,-20.35,-0.123,34.34,0.831,99,8543.65,64.65
30,100,10,0.005,0.25,True,-17.46,-3.04,-0.453,-0.127,-25.97,-0.117,31.88,0.858,138,8253.83,66.67
35,100,30,0.01,0.2,True,-9.32,-1.56,-0.47,-0.065,-11.81,-0.132,30.0,0.7,40,9068.03,70.0
25,200,10,0.005,0.25,True,-20.21,-3.57,-0.482,-0.141,-26.8,-0.133,33.76,0.855,157,7978.87,66.24
30,200,10,0.002,0.2,True,-16.61,-2.88,-0.495,-0.131,-25.16,-0.115,32.56,0.826,129,8338.95,65.89
25,200,20,0.005,0.2,True,-15.86,-2.74,-0.497,-0.123,-23.43,-0.117,36.22,0.828,127,8413.71,63.78
30,200,10,0.005,0.15,True,-13.07,-2.23,-0.497,-0.117,-17.94,-0.124,35.09,0.81,114,8693.44,64.04
35,200,20,0.005,0.2,True,-12.3,-2.09,-0.5,-0.092,-15.55,-0.135,32.86,0.759,70,8770.24,67.14
35,100,20,0.005,0.25,True,-14.81,-2.55,-0.509,-0.104,-18.5,-0.138,33.33,0.786,84,8518.54,66.67
30,200,20,0.01,0.25,True,-13.96,-2.39,-0.516,-0.091,-16.62,-0.144,28.07,0.726,57,8603.59,71.93
35,100,10,0.002,0.25,True,-17.21,-3.0,-0.516,-0.124,-20.14,-0.149,34.21,0.815,114,8278.56,64.91
35,200,10,0.005,0.25,True,-15.81,-2.73,-0.517,-0.106,-22.02,-0.124,32.14,0.778,84,8419.35,67.86
30,100,10,0.01,0.25,True,-16.92,-2.94,-0.522,-0.112,-21.88,-0.134,28.92,0.771,83,8307.89,71.08
35,100,30,0.005,0.15,True,-9.54,-1.6,-0.527,-0.084,-12.24,-0.131,39.39,0.741,66,9046.26,60.61
30,100,30,0.01,0.2,True,-12.56,-2.14,-0.543,-0.092,-13.78,-0.155,30.51,0.717,59,8744.46,69.49
35,50,30,0.005,0.2,True,-12.39,-2.11,-0.544,-0.097,-16.27,-0.13,33.8,0.747,71,8760.98,64.79
30,50,30,0.01,0.25,True,-15.6,-2.69,-0.552,-0.107,-16.41,-0.164,30.56,0.742,72,8440.32,69.44
35,200,30,0.01,0.15,True,-8.9,-1.49,-0.552,-0.072,-9.89,-0.151,29.73,0.632,37,9110.24,70.27
35,200,30,0.005,0.15,True,-9.69,-1.63,-0.554,-0.084,-11.53,-0.141,35.71,0.698,56,9030.87,64.29
30,200,20,0.002,0.2,True,-16.16,-2.8,-0.56,-0.132,-23.62,-0.119,31.73,0.776,104,8383.92,67.31
30,100,30,0.005,0.2,True,-14.59,-2.51,-0.567,-0.117,-20.47,-0.123,34.07,0.768,91,8540.9,65.93
30,100,20,0.01,0.25,True,-15.66,-2.71,-0.569,-0.105,-18.77,-0.144,28.12,0.717,64,8433.66,71.88
30,200,20,0.01,0.2,True,-13.62,-2.33,-0.574,-0.099,-15.66,-0.149,28.07,0.69,57,8637.53,71.93
35,200,20,0.01,0.15,True,-10.05,-1.69,-0.574,-0.081,-12.03,-0.141,28.57,0.637,42,8995.07,71.43
30,100,10,0.002,0.25,True,-22.96,-4.11,-0.587,-0.175,-29.4,-0.14,32.52,0.824,163,7704.45,65.64
25,200,10,0.002,0.25,True,-24.23,-4.37,-0.591,-0.182,-32.25,-0.136,32.56,0.826,172,7577.24,66.86
30,200,30,0.005,0.15,True,-11.97,-2.03,-0.599,-0.114,-15.25,-0.133,35.37,0.733,82,8802.87,62.2
35,200,10,0.002,0.25,True,-18.31,-3.2,-0.617,-0.133,-21.88,-0.146,30.77,0.744,91,8169.48,69.23
30,50,30,0.005,0.25,True,-19.59,-3.45,-0.62,-0.146,-25.56,-0.135,31.13,0.765,106,8040.9,68.87
35,100,20,0.01,0.25,True,-14.48,-2.49,-0.624,-0.095,-18.86,-0.132,26.09,0.638,46,8551.86,73.91
35,100,30,0.01,0.15,True,-9.96,-1.68,-0.627,-0.082,-11.33,-0.148,30.0,0.604,40,9004.07,70.0
35,100,10,0.01,0.25,True,-17.41,-3.04,-0.63,-0.115,-23.58,-0.129,26.98,0.683,63,8258.52,73.02
30,100,20,0.005,0.2,True,-18.47,-3.24,-0.634,-0.152,-24.88,-0.13,32.48,0.768,117,8153.3,66.67
25,200,30,0.005,0.25,True,-20.34,-3.6,-0.648,-0.148,-26.02,-0.138,34.23,0.76,111,7966.14,64.86
30,100,10,0.005,0.2,True,-20.45,-3.62,-0.65,-0.173,-27.13,-0.133,31.88,0.78,138,7954.75,66.67
35,200,10,0.01,0.25,True,-17.41,-3.03,-0.651,-0.112,-22.14,-0.137,26.32,0.656,57,8258.94,73.68
30,200,30,0.01,0.25,True,-16.11,-2.79,-0.651,-0.107,-17.6,-0.159,26.42,0.647,53,8388.73,71.7
30,50,30,0.01,0.2,True,-15.85,-2.74,-0.654,-0.123,-16.13,-0.17,30.56,0.689,72,8415.2,69.44
30,100,10,0.01,0.2,True,-18.03,-3.15,-0.656,-0.134,-21.76,-0.145,28.92,0.709,83,8196.55,71.08
30,50,20,0.005,0.25,True,-23.85,-4.29,-0.666,-0.179,-29.13,-0.147,30.88,0.776,136,7615.16,68.38
30,200,10,0.01,0.25,True,-20.21,-3.57,-0.671,-0.133,-25.36,-0.141,27.03,0.687,74,7978.97,72.97
35,50,30,0.01,0.25,True,-14.89,-2.56,-0.671,-0.1,-17.7,-0.145,26.09,0.616,46,8510.79,73.91
25,50,30,0.005,0.25,True,-23.86,-4.3,-0.675,-0.182,-27.8,-0.155,31.65,0.776,139,7614.28,68.35
25,200,10,0.005,0.2,True,-23.73,-4.27,-0.682,-0.19,-29.08,-0.147,33.76,0.779,157,7626.93,66.24
35,100,10,0.005,0.2,True,-18.07,-3.16,-0.691,-0.143,-22.21,-0.142,34.34,0.727,99,8193.16,64.65
35,200,10,0.005,0.2,True,-17.85,-3.12,-0.692,-0.134,-22.32,-0.14,32.14,0.698,84,8214.59,67.86
35,200,10,0.01,0.2,True,-16.76,-2.91,-0.694,-0.117,-20.61,-0.141,26.32,0.629,57,8324.1,73.68
35,100,20,0.01,0.2,True,-14.11,-2.42,-0.694,-0.103,-17.59,-0.138,26.09,0.597,46,8589.04,73.91
30,100,20,0.01,0.2,True,-16.25,-2.82,-0.695,-0.122,-18.52,-0.152,28.12,0.655,64,8375.27,71.88
30,100,20,0.002,0.25,True,-22.39,-4.0,-0.698,-0.171,-28.39,-0.141,33.33,0.755,123,7761.04,66.67
25,50,10,0.01,0.25,True,-27.08,-4.96,-0.707,-0.192,-31.68,-0.157,30.71,0.761,140,7291.51,69.29
25,100,20,0.005,0.25,True,-26.09,-4.75,-0.709,-0.201,-30.14,-0.158,30.46,0.773,151,7391.48,68.87
30,200,30,0.002,0.25,True,-21.44,-3.81,-0.709,-0.167,-24.37,-0.156,28.0,0.715,100,7856.37,70.0
35,100,20,0.005,0.2,True,-17.24,-3.0,-0.714,-0.136,-19.96,-0.15,33.33,0.693,84,8275.74,66.67
30,200,30,0.01,0.2,True,-15.73,-2.72,-0.724,-0.115,-16.86,-0.161,26.42,0.607,53,8426.98,71.7
25,200,20,0.002,0.25,True,-25.2,-4.57,-0.725,-0.197,-29.75,-0.154,30.94,0.754,139,7480.22,69.06
35,100,10,0.01,0.2,True,-17.58,-3.07,-0.732,-0.128,-22.46,-0.137,26.98,0.633,63,8242.35,73.02
25,50,20,0.01,0.25,True,-21.93,-3.91,-0.736,-0.159,-27.23,-0.144,29.35,0.696,92,7806.71,70.65
30,50,20,0.01,0.25,True,-20.5,-3.63,-0.737,-0.145,-23.02,-0.158,28.57,0.669,77,7949.75,71.43
35,50,30,0.01,0.2,True,-14.54,-2.5,-0.74,-0.107,-16.37,-0.153,26.09,0.575,46,8546.19,73.91
35,100,10,0.002,0.2,True,-20.38,-3.61,-0.741,-0.167,-22.56,-0.16,34.21,0.723,114,7961.72,64.91
35,200,20,0.005,0.15,True,-14.36,-2.47,-0.741,-0.126,-16.45,-0.15,32.86,0.641,70,8563.81,67.14
30,200,10,0.01,0.2,True,-19.82,-3.5,-0.742,-0.143,-24.05,-0.145,27.03,0.652,74,8017.75,72.97
30,100,30,0.01,0.15,True,-13.48,-2.31,-0.746,-0.118,-14.29,-0.161,30.51,0.617,59,8652.28,69.49
30,200,20,0.01,0.15,True,-14.09,-2.42,-0.747,-0.12,-15.49,-0.156,28.07,0.605,57,8590.87,71.93
35,50,20,0.005,0.25,True,-22.06,-3.94,-0.76,-0.162,-25.44,-0.155,29.79,0.694,94,7793.82,69.15
25,50,10,0.005,0.25,True,-32.38,-6.11,-0.763,-0.258,-38.1,-0.16,30.77,0.791,208,6761.98,68.27
30,200,10,0.002,0.15,True,-19.93,-3.52,-0.769,-0.191,-25.7,-0.137,31.78,0.717,129,8006.9,65.89
25,100,10,0.002,0.25,True,-31.69,-5.95,-0.769,-0.256,-39.97,-0.149,31.86,0.787,204,6831.14,67.65
35,200,10,0.002,0.2,True,-19.69,-3.47,-0.775,-0.159,-22.2,-0.156,30.77,0.673,91,8030.53,69.23
25,50,20,0.005,0.15,True,-21.28,-3.78,-0.782,-0.208,-25.18,-0.15,34.59,0.746,159,7872.38,64.78
25,200,10,0.002,0.2,True,-27.0,-4.94,-0.793,-0.233,-32.54,-0.152,32.56,0.754,172,7299.64,66.86
35,50,30,0.005,0.15,True,-14.22,-2.44,-0.801,-0.133,-16.78,-0.145,33.8,0.626,71,8577.84,64.79
35,50,10,0.005,0.25,True,-24.68,-4.46,-0.802,-0.185,-29.78,-0.15,30.63,0.702,111,7532.14,67.57
30,100,10,0.002,0.2,True,-26.04,-4.74,-0.805,-0.227,-30.85,-0.154,32.52,0.745,163,7395.51,65.64
35,200,30,0.002,0.25,True,-18.43,-3.23,-0.807,-0.138,-21.69,-0.149,26.23,0.599,61,8157.22,73.77
30,200,20,0.002,0.15,True,-18.24,-3.19,-0.809,-0.179,-23.5,-0.136,30.77,0.672,104,8176.13,67.31
30,50,30,0.005,0.2,True,-21.27,-3.78,-0.814,-0.181,-25.55,-0.148,31.13,0.686,106,7873.23,68.87
25,50,20,0.002,0.25,True,-29.69,-5.52,-0.816,-0.253,-35.39,-0.156,29.94,0.76,177,7031.1,70.06
25,100,30,0.005,0.25,True,-26.02,-4.74,-0.816,-0.197,-29.09,-0.163,29.66,0.705,118,7398.23,70.34
35,100,30,0.002,0.25,True,-20.02,-3.53,-0.824,-0.148,-22.12,-0.16,31.08,0.634,74,7998.11,68.92
35,200,10,0.01,0.15,True,-16.66,-2.89,-0.829,-0.133,-19.41,-0.149,26.32,0.562,57,8333.85,73.68
30,50,30,0.01,0.15,True,-16.13,-2.79,-0.829,-0.149,-16.13,-0.173,29.17,0.607,72,8386.83,69.44
30,50,10,0.005,0.25,True,-30.11,-5.61,-0.833,-0.241,-34.63,-0.162,29.56,0.739,159,6988.8,69.18
25,100,20,0.01,0.25,True,-24.24,-4.37,-0.849,-0.179,-29.35,-0.149,26.44,0.642,87,7576.44,73.56
25,50,20,0.01,0.2,True,-21.95,-3.91,-0.85,-0.177,-25.82,-0.152,29.35,0.645,92,7804.74,70.65
30,200,30,0.002,0.2,True,-21.82,-3.89,-0.852,-0.192,-23.82,-0.163,28.0,0.656,100,7818.25,70.0
30,100,30,0.005,0.15,True,-16.87,-2.93,-0.861,-0.164,-20.8,-0.141,34.07,0.647,91,8312.96,65.93
35,100,20,0.01,0.15,True,-14.19,-2.44,-0.861,-0.118,-16.45,-0.148,26.09,0.514,46,8580.79,73.91
25,50,30,0.002,0.25,True,-28.7,-5.3,-0.868,-0.243,-30.94,-0.171,28.28,0.716,145,7129.77,71.72
25,200,20,0.01,0.25,True,-25.14,-4.56,-0.875,-0.179,-29.47,-0.155,27.91,0.629,86,7486.31,72.09
35,50,20,0.01,0.25,True,-19.99,-3.53,-0.876,-0.138,-23.6,-0.15,23.08,0.54,52,8001.2,76.92
30,50,20,0.01,0.2,True,-20.71,-3.67,-0.876,-0.164,-22.5,-0.163,28.57,0.609,77,7928.86,71.43
25,50,10,0.01,0.2,True,-28.97,-5.36,-0.883,-0.229,-32.94,-0.163,30.71,0.697,140,7103.48,69.29
30,100,10,0.01,0.15,True,-19.35,-3.41,-0.885,-0.169,-22.09,-0.154,28.92,0.613,83,8064.75,71.08
25,200,20,0.005,0.15,True,-21.17,-3.76,-0.891,-0.199,-24.83,-0.151,36.22,0.679,127,7883.03,63.78
30,200,30,0.01,0.15,True,-15.49,-2.67,-0.895,-0.134,-16.28,-0.164,26.42,0.528,53,8451.11,71.7
25,200,20,0.002,0.2,True,-26.42,-4.82,-0.895,-0.233,-29.76,-0.162,30.94,0.69,139,7358.3,69.06
35,100,10,0.01,0.15,True,-17.72,-3.09,-0.899,-0.148,-21.12,-0.146,26.98,0.556,63,8228.3,73.02
35,50,30,0.01,0.15,True,-14.41,-2.48,-0.901,-0.122,-15.13,-0.164,26.09,0.496,46,8559.16,73.91
30,100,20,0.01,0.15,True,-16.85,-2.93,-0.912,-0.149,-18.2,-0.161,28.12,0.56,64,8315.23,71.88
30,50,20,0.005,0.2,True,-26.88,-4.92,-0.918,-0.23,-30.84,-0.159,30.88,0.688,136,7312.27,68.38
25,200,30,0.005,0.2,True,-23.61,-4.25,-0.919,-0.194,-27.17,-0.156,34.23,0.657,111,7638.83,64.86
30,200,10,0.01,0.15,True,-20.02,-3.54,-0.92,-0.167,-23.39,-0.151,27.03,0.576,74,7997.62,72.97
25,100,10,0.005,0.25,True,-35.27,-6.77,-0.921,-0.286,-40.22,-0.168,28.73,0.726,181,6472.85,70.17
25,50,30,0.005,0.2,True,-26.53,-4.84,-0.925,-0.234,-28.58,-0.17,31.65,0.689,139,7347.15,68.35
30,100,20,0.005,0.15,True,-20.92,-3.71,-0.93,-0.209,-25.68,-0.144,32.48,0.656,117,7908.23,66.67
25,100,20,0.005,0.2,True,-28.61,-5.28,-0.939,-0.251,-31.59,-0.167,30.46,0.694,151,7138.8,68.87
25,100,10,0.01,0.25,True,-31.86,-5.99,-0.94,-0.239,-37.3,-0.161,26.02,0.662,123,6814.11,73.17
25,50,10,0.002,0.25,True,-38.38,-7.5,-0.945,-0.334,-46.4,-0.162,30.34,0.755,234,6162.1,68.38
35,50,20,0.01,0.2,True,-19.1,-3.36,-0.946,-0.145,-21.85,-0.154,23.08,0.505,52,8089.7,76.92
30,50,10,0.01,0.25,True,-29.91,-5.57,-0.947,-0.219,-32.4,-0.172,27.1,0.64,107,7008.56,72.9
30,100,20,0.002,0.2,True,-24.93,-4.51,-0.95,-0.218,-29.1,-0.155,33.33,0.663,123,7506.91,66.67
25,200,10,0.01,0.25,True,-31.7,-5.96,-0.95,-0.229,-37.91,-0.157,27.59,0.65,116,6830.3,72.41
35,200,30,0.002,0.2,True,-18.75,-3.29,-0.958,-0.154,-20.93,-0.157,26.23,0.532,61,8124.9,73.77
35,200,10,0.005,0.15,True,-19.63,-3.46,-0.961,-0.173,-22.55,-0.153,32.14,0.587,84,8036.95,67.86
30,100,10,0.005,0.15,True,-23.46,-4.21,-0.964,-0.239,-28.38,-0.148,31.88,0.668,138,7654.33,66.67
30,100,30,0.002,0.25,True,-27.81,-5.12,-0.967,-0.223,-31.43,-0.163,31.36,0.657,118,7218.55,68.64
25,100,20,0.01,0.2,True,-23.92,-4.31,-0.971,-0.197,-27.88,-0.155,26.44,0.592,87,7608.27,73.56
25,200,20,0.01,0.2,True,-24.76,-4.48,-0.972,-0.193,-28.56,-0.157,27.91,0.586,86,7524.17,72.09
35,100,30,0.005,0.25,False,-30.96,-5.79,-0.974,-0.24,-35.53,-0.163,32.61,0.678,138,6904.0,67.39
35,50,20,0.005,0.2,True,-23.77,-4.28,-0.975,-0.194,-26.28,-0.163,29.79,0.611,94,7622.5,69.15
25,50,30,0.01,0.25,True,-26.89,-4.92,-0.989,-0.197,-27.32,-0.18,27.59,0.593,87,7311.34,72.41
25,100,10,0.002,0.2,True,-33.98,-6.47,-0.994,-0.316,-40.45,-0.16,31.86,0.717,204,6601.76,67.65
35,100,20,0.005,0.15,True,-19.25,-3.38,-1.013,-0.177,-21.07,-0.161,33.33,0.572,84,8075.45,66.67
35,200,20,0.002,0.25,True,-24.53,-4.43,-1.019,-0.186,-25.05,-0.177,25.68,0.552,74,7546.98,72.97
25,50,10,0.005,0.2,True,-35.61,-6.85,-1.02,-0.325,-40.24,-0.17,30.77,0.714,208,6438.84,68.27
25,100,20,0.002,0.25,True,-34.93,-6.69,-1.02,-0.297,-37.03,-0.181,28.66,0.683,164,6507.32,71.34
35,50,10,0.005,0.2,True,-26.47,-4.83,-1.023,-0.222,-30.18,-0.16,30.63,0.622,111,7353.41,67.57
35,100,10,0.005,0.15,True,-20.76,-3.68,-1.025,-0.195,-23.52,-0.156,34.34,0.6,99,7923.71,64.65
35,50,30,0.002,0.25,True,-23.88,-4.3,-1.03,-0.181,-25.34,-0.17,25.71,0.542,70,7612.03,74.29
35,100,30,0.002,0.2,True,-21.11,-3.75,-1.034,-0.173,-22.22,-0.169,31.08,0.549,74,7888.9,68.92
25,50,20,0.002,0.2,True,-31.46,-5.9,-1.047,-0.309,-35.78,-0.165,29.94,0.687,177,6854.12,70.06
35,200,10,0.002,0.15,True,-21.27,-3.78,-1.055,-0.2,-22.9,-0.165,30.77,0.564,91,7873.18,69.23
25,200,10,0.005,0.15,True,-28.15,-5.19,-1.057,-0.27,-31.87,-0.163,33.76,0.654,157,7184.76,66.24
30,50,10,0.005,0.2,True,-32.01,-6.03,-1.059,-0.29,-35.4,-0.17,29.56,0.665,159,6799.15,69.18
35,50,10,0.01,0.25,True,-28.28,-5.21,-1.06,-0.201,-30.99,-0.168,22.67,0.537,75,7171.64,77.33
25,100,30,0.01,0.25,True,-28.78,-5.32,-1.065,-0.215,-30.95,-0.172,25.29,0.566,87,7122.42,74.71
25,100,30,0.005,0.2,True,-27.93,-5.14,-1.065,-0.24,-29.93,-0.172,29.66,0.62,118,7207.26,70.34
25,200,10,0.01,0.2,True,-31.47,-5.91,-1.066,-0.249,-36.83,-0.16,27.59,0.607,116,6853.1,72.41
30,50,30,0.005,0.15,True,-22.25,-3.97,-1.076,-0.227,-24.9,-0.16,30.19,0.589,106,7774.65,68.87
25,50,20,0.01,0.15,True,-22.43,-4.01,-1.079,-0.212,-24.59,-0.163,28.26,0.557,92,7756.57,70.65
35,100,10,0.002,0.15,True,-23.2,-4.16,-1.086,-0.225,-24.67,-0.169,34.21,0.598,114,7679.55,64.91
30,200,30,0.002,0.15,True,-22.21,-3.97,-1.089,-0.233,-23.39,-0.17,27.0,0.567,100,7778.55,70.0
25,100,10,0.01,0.2,True,-32.11,-6.05,-1.095,-0.266,-36.78,-0.164,26.02,0.609,123,6789.05,73.17
25,50,30,0.01,0.2,True,-26.47,-4.83,-1.113,-0.214,-26.56,-0.182,27.59,0.543,87,7352.58,72.41
30,50,10,0.01,0.2,True,-30.26,-5.64,-1.113,-0.245,-32.15,-0.175,27.1,0.582,107,6973.51,72.9
35,50,20,0.01,0.15,True,-18.51,-3.24,-1.115,-0.159,-20.07,-0.162,23.08,0.434,52,8148.75,76.92
30,50,20,0.01,0.25,False,-39.94,-7.89,-1.118,-0.333,-42.55,-0.185,28.25,0.665,177,6005.65,67.8
30,50,20,0.01,0.15,True,-20.96,-3.72,-1.118,-0.196,-22.02,-0.169,27.27,0.517,77,7903.52,71.43
35,50,10,0.002,0.25,True,-32.58,-6.15,-1.12,-0.263,-35.51,-0.173,28.1,0.609,121,6742.07,71.07
35,100,20,0.002,0.25,True,-28.31,-5.22,-1.125,-0.218,-28.31,-0.184,28.09,0.556,89,7169.31,71.91
25,50,30,0.002,0.2,True,-30.27,-5.64,-1.126,-0.295,-31.61,-0.179,28.28,0.635,145,6973.03,71.72
30,100,10,0.002,0.15,True,-28.87,-5.34,-1.144,-0.303,-32.26,-0.166,31.29,0.636,163,7113.25,65.64
25,100,10,0.005,0.2,True,-36.91,-7.15,-1.148,-0.339,-40.99,-0.174,28.73,0.658,181,6309.22,70.17
35,200,20,0.002,0.2,True,-24.31,-4.39,-1.154,-0.201,-24.64,-0.178,25.68,0.497,74,7568.77,72.97
35,200,30,0.002,0.15,True,-18.39,-3.22,-1.156,-0.176,-19.59,-0.164,26.23,0.451,61,8160.52,73.77
25,200,10,0.002,0.15,True,-30.45,-5.68,-1.158,-0.316,-34.04,-0.167,31.98,0.639,172,6954.83,66.86
35,200,30,0.005,0.25,False,-33.33,-6.32,-1.16,-0.259,-37.64,-0.168,30.51,0.594,118,6667.12,69.49
35,100,20,0.01,0.25,False,-36.26,-7.0,-1.164,-0.289,-37.28,-0.188,25.4,0.595,126,6373.54,70.63
35,100,20,0.005,0.25,False,-37.68,-7.33,-1.165,-0.317,-40.11,-0.183,30.95,0.648,168,6232.39,66.07
35,50,10,0.01,0.2,True,-27.59,-5.07,-1.169,-0.213,-29.81,-0.17,22.67,0.495,75,7241.19,77.33
25,200,30,0.01,0.25,True,-30.47,-5.69,-1.171,-0.225,-33.4,-0.17,25.3,0.52,83,6952.93,73.49
35,100,30,0.005,0.2,False,-31.87,-5.99,-1.181,-0.278,-35.48,-0.169,32.61,0.61,138,6813.26,67.39
25,200,20,0.01,0.15,True,-24.64,-4.45,-1.188,-0.221,-27.89,-0.16,27.91,0.506,86,7536.26,72.09
25,200,30,0.002,0.25,True,-34.26,-6.53,-1.201,-0.285,-35.93,-0.182,27.05,0.581,122,6573.83,72.13
25,100,20,0.01,0.15,True,-23.94,-4.31,-1.207,-0.228,-26.6,-0.162,26.44,0.507,87,7606.37,73.56
30,50,10,0.002,0.25,True,-40.07,-7.92,-1.208,-0.349,-43.18,-0.183,28.16,0.643,174,5993.3,70.11
25,100,30,0.01,0.2,True,-28.17,-5.19,-1.21,-0.233,-29.73,-0.175,25.29,0.514,87,7182.98,74.71
30,50,20,0.002,0.25,True,-36.07,-6.95,-1.211,-0.301,-38.47,-0.181,29.79,0.61,141,6392.8,70.21
35,50,30,0.002,0.2,True,-23.98,-4.32,-1.214,-0.201,-24.75,-0.175,25.71,0.473,70,7601.52,74.29
25,50,10,0.002,0.2,True,-40.81,-8.1,-1.217,-0.408,-47.2,-0.172,30.34,0.68,234,5919.31,68.38
30,50,30,0.01,0.25,False,-40.6,-8.05,-1.227,-0.335,-41.86,-0.192,27.39,0.621,157,5939.63,71.34
30,100,30,0.002,0.2,True,-29.21,-5.41,-1.23,-0.265,-31.14,-0.174,31.36,0.572,118,7079.17,68.64
25,100,30,0.002,0.25,True,-35.86,-6.91,-1.231,-0.307,-38.98,-0.177,27.61,0.592,134,6413.57,72.39
25,50,10,0.01,0.15,True,-31.83,-5.99,-1.232,-0.293,-34.79,-0.172,30.0,0.587,140,6816.81,69.29
30,200,30,0.005,0.25,False,-38.33,-7.49,-1.233,-0.321,-40.99,-0.183,30.77,0.617,156,6166.68,67.31
35,200,20,0.01,0.25,False,-34.61,-6.61,-1.239,-0.266,-35.0,-0.189,25.24,0.54,103,6538.89,71.84
25,100,20,0.002,0.2,True,-35.65,-6.85,-1.24,-0.344,-37.08,-0.185,28.66,0.616,164,6435.49,71.34
30,50,20,0.005,0.15,True,-28.47,-5.25,-1.243,-0.292,-31.28,-0.168,30.15,0.584,136,7153.06,68.38
25,200,20,0.002,0.15,True,-28.71,-5.31,-1.257,-0.302,-30.67,-0.173,30.22,0.575,139,7128.52,69.06
30,100,30,0.005,0.25,False,-41.68,-8.32,-1.268,-0.365,-48.47,-0.172,29.44,0.632,180,5831.95,70.0
25,200,30,0.005,0.15,True,-25.62,-4.66,-1.27,-0.248,-27.87,-0.167,34.23,0.537,111,7437.75,64.86
30,100,30,0.01,0.25,False,-40.76,-8.09,-1.276,-0.335,-41.96,-0.193,25.69,0.591,144,5924.24,72.92
35,100,30,0.002,0.15,True,-21.19,-3.76,-1.278,-0.201,-21.41,-0.176,31.08,0.455,74,7881.08,68.92
30,200,20,0.005,0.25,False,-42.07,-8.42,-1.285,-0.366,-45.51,-0.185,28.98,0.62,176,5793.45,68.18
35,50,20,0.005,0.15,True,-25.02,-4.53,-1.286,-0.235,-26.71,-0.17,29.79,0.504,94,7498.14,69.15
25,50,30,0.005,0.15,True,-28.69,-5.3,-1.287,-0.301,-29.78,-0.178,30.94,0.576,139,7130.6,68.35
30,50,30,0.002,0.25,True,-35.23,-6.76,-1.288,-0.297,-36.27,-0.186,27.87,0.562,122,6477.37,72.13
35,100,20,0.01,0.2,False,-35.0,-6.7,-1.291,-0.309,-35.93,-0.187,25.4,0.554,126,6499.76,70.63
30,100,20,0.01,0.25,False,-42.92,-8.64,-1.292,-0.364,-45.8,-0.189,25.47,0.602,161,5708.32,70.81
25,200,30,0.01,0.2,True,-29.62,-5.5,-1.294,-0.239,-31.85,-0.173,25.3,0.474,83,7037.6,73.49
35,50,30,0.005,0.25,False,-39.46,-7.77,-1.294,-0.331,-43.47,-0.179,28.86,0.596,149,6053.82,71.14
30,50,20,0.01,0.2,False,-39.46,-7.77,-1.295,-0.371,-41.57,-0.187,27.68,0.614,177,6053.65,67.8
35,200,30,0.01,0.25,False,-34.73,-6.64,-1.297,-0.264,-35.88,-0.185,23.4,0.505,94,6526.96,74.47
35,100,30,0.01,0.25,False,-37.35,-7.26,-1.298,-0.296,-37.35,-0.194,23.42,0.537,111,6265.41,75.68
30,100,20,0.002,0.15,True,-26.49,-4.84,-1.3,-0.278,-29.14,-0.166,31.71,0.55,123,7350.86,66.67
25,100,20,0.005,0.15,True,-31.29,-5.87,-1.332,-0.327,-33.06,-0.177,30.46,0.577,151,6870.73,68.87
25,50,30,0.01,0.15,True,-25.87,-4.71,-1.332,-0.243,-25.87,-0.182,26.44,0.466,87,7413.13,72.41
25,200,10,0.01,0.15,True,-31.81,-5.98,-1.333,-0.29,-35.96,-0.166,27.59,0.522,116,6819.31,72.41
35,50,10,0.01,0.15,True,-26.5,-4.84,-1.34,-0.231,-28.36,-0.171,22.67,0.433,75,7350.13,77.33
35,100,20,0.005,0.2,False,-37.46,-7.28,-1.349,-0.354,-39.22,-0.186,30.95,0.593,168,6253.55,66.07
35,200,20,0.002,0.15,True,-23.6,-4.24,-1.352,-0.223,-23.73,-0.179,25.68,0.423,74,7640.31,72.97
35,100,20,0.002,0.2,True,-28.93,-5.35,-1.356,-0.245,-28.93,-0.185,28.09,0.479,89,7107.23,71.91
35,50,10,0.005,0.15,True,-27.86,-5.12,-1.357,-0.271,-30.37,-0.169,30.63,0.514,111,7214.13,67.57
35,50,10,0.002,0.2,True,-33.58,-6.38,-1.359,-0.3,-35.4,-0.18,28.1,0.534,121,6641.85,71.07
35,200,30,0.005,0.2,False,-33.52,-6.37,-1.362,-0.289,-36.74,-0.173,30.51,0.529,118,6647.82,69.49
35,200,20,0.01,0.2,False,-33.43,-6.34,-1.371,-0.283,-33.93,-0.187,25.24,0.497,103,6657.33,71.84
30,50,30,0.01,0.2,False,-39.64,-7.81,-1.381,-0.365,-40.59,-0.192,27.39,0.575,157,6036.41,71.34
30,50,10,0.01,0.15,True,-30.48,-5.69,-1.381,-0.283,-31.85,-0.179,26.17,0.496,107,6952.06,72.9
30,100,20,0.005,0.25,False,-47.89,-9.97,-1.395,-0.448,-54.31,-0.184,27.91,0.624,215,5210.77,68.84
25,100,10,0.01,0.15,True,-32.78,-6.2,-1.396,-0.314,-36.34,-0.171,26.02,0.518,123,6721.64,73.17
30,50,10,0.005,0.15,True,-33.57,-6.38,-1.402,-0.358,-35.89,-0.178,28.93,0.565,159,6642.5,69.18
25,100,30,0.005,0.15,True,-29.01,-5.37,-1.406,-0.293,-30.14,-0.178,29.66,0.515,118,7099.23,70.34
25,100,10,0.002,0.15,True,-37.07,-7.19,-1.407,-0.414,-41.63,-0.173,30.88,0.604,204,6293.25,67.65
35,50,20,0.01,0.25,False,-42.46,-8.52,-1.409,-0.356,-44.24,-0.193,24.26,0.539,136,5753.62,72.06
30,100,30,0.01,0.2,False,-39.53,-7.78,-1.42,-0.36,-40.48,-0.192,25.69,0.548,144,6047.04,72.92
35,50,30,0.002,0.15,True,-23.13,-4.15,-1.423,-0.222,-23.34,-0.178,25.71,0.398,70,7687.5,74.29
35,200,30,0.01,0.2,False,-33.67,-6.4,-1.425,-0.279,-34.05,-0.188,23.4,0.462,94,6632.87,74.47
30,100,20,0.01,0.2,False,-41.48,-8.27,-1.443,-0.393,-43.95,-0.188,24.84,0.559,161,5852.48,70.81
25,200,30,0.002,0.2,True,-34.69,-6.63,-1.445,-0.321,-35.64,-0.186,27.05,0.509,122,6531.21,72.13
35,100,30,0.01,0.2,False,-36.39,-7.03,-1.445,-0.315,-36.39,-0.193,23.42,0.491,111,6360.89,75.68
25,100,30,0.01,0.15,True,-27.27,-5.0,-1.45,-0.263,-28.19,-0.177,25.29,0.437,87,7273.04,74.71
30,50,20,0.002,0.2,True,-36.8,-7.13,-1.454,-0.342,-38.63,-0.184,29.79,0.538,141,6319.83,70.21
30,50,10,0.002,0.2,True,-41.04,-8.16,-1.463,-0.399,-43.24,-0.189,28.16,0.572,174,5896.4,70.11
25,50,20,0.002,0.15,True,-33.99,-6.47,-1.465,-0.398,-36.77,-0.176,29.94,0.571,177,6600.52,70.06
25,50,10,0.005,0.15,True,-39.44,-7.76,-1.469,-0.429,-42.77,-0.181,30.29,0.596,208,6056.0,68.27
25,100,30,0.002,0.2,True,-35.87,-6.91,-1.47,-0.346,-37.57,-0.184,27.61,0.523,134,6412.82,72.39
30,200,30,0.005,0.2,False,-38.94,-7.64,-1.486,-0.366,-40.57,-0.188,30.77,0.546,156,6105.55,67.31
35,50,30,0.005,0.2,False,-39.02,-7.66,-1.49,-0.365,-42.25,-0.181,28.86,0.539,149,6098.4,71.14
35,100,10,0.01,0.25,False,-46.04,-9.46,-1.504,-0.397,-46.04,-0.205,22.15,0.527,149,5395.73,69.8
35,50,30,0.01,0.25,False,-42.28,-8.47,-1.508,-0.35,-42.47,-0.199,22.5,0.495,120,5771.99,76.67
30,200,20,0.005,0.2,False,-42.05,-8.41,-1.51,-0.41,-44.64,-0.188,28.98,0.558,176,5795.11,68.18
30,100,30,0.005,0.2,False,-42.12,-8.43,-1.516,-0.414,-47.44,-0.178,28.89,0.566,180,5788.17,70.0
25,200,30,0.01,0.15,True,-28.3,-5.22,-1.517,-0.264,-29.81,-0.175,25.3,0.403,83,7169.55,73.49
25,50,30,0.002,0.15,True,-31.74,-5.97,-1.519,-0.366,-32.38,-0.184,28.28,0.526,145,6826.05,71.72
35,100,20,0.01,0.15,False,-33.91,-6.45,-1.533,-0.346,-34.76,-0.186,24.6,0.486,126,6609.35,70.63
35,100,30,0.005,0.15,False,-32.93,-6.23,-1.538,-0.337,-35.28,-0.177,31.88,0.507,138,6707.1,67.39
35,50,20,0.002,0.25,True,-38.19,-7.46,-1.544,-0.311,-38.19,-0.195,23.23,0.448,99,6180.89,76.77
25,100,10,0.005,0.15,True,-38.84,-7.61,-1.549,-0.421,-41.7,-0.183,28.73,0.552,181,6116.23,70.17
30,50,30,0.002,0.2,True,-35.64,-6.85,-1.555,-0.335,-36.12,-0.19,27.87,0.487,122,6435.82,72.13
30,200,20,0.01,0.25,False,-45.27,-9.25,-1.557,-0.385,-45.52,-0.203,22.96,0.502,135,5473.44,74.07
30,100,30,0.002,0.15,True,-29.32,-5.44,-1.558,-0.317,-30.12,-0.181,29.66,0.473,118,7067.97,68.64
35,50,20,0.01,0.2,False,-40.9,-8.12,-1.562,-0.379,-42.33,-0.192,24.26,0.496,136,5909.9,72.06
35,200,20,0.005,0.25,False,-42.67,-8.57,-1.565,-0.364,-45.89,-0.187,27.01,0.507,137,5733.11,70.07
25,50,20,0.01,0.25,False,-52.09,-11.18,-1.571,-0.488,-54.89,-0.204,27.52,0.593,218,4791.31,68.81
35,100,30,0.002,0.25,False,-44.28,-8.99,-1.593,-0.387,-46.92,-0.192,27.4,0.514,146,5571.79,71.92
30,200,30,0.01,0.25,False,-44.34,-9.01,-1.603,-0.37,-44.34,-0.203,22.13,0.472,122,5565.91,74.59
35,200,10,0.01,0.25,False,-45.19,-9.23,-1.608,-0.379,-45.19,-0.204,21.26,0.469,127,5480.51,70.87
30,100,30,0.002,0.25,False,-49.94,-10.55,-1.611,-0.478,-53.45,-0.197,27.64,0.566,199,5006.26,71.36
35,100,20,0.002,0.15,True,-28.3,-5.22,-1.618,-0.275,-28.3,-0.184,28.09,0.395,89,7169.92,71.91
35,100,10,0.01,0.2,False,-44.26,-8.99,-1.623,-0.416,-44.26,-0.203,22.15,0.493,149,5573.62,69.8
35,200,20,0.01,0.15,False,-32.36,-6.1,-1.626,-0.315,-32.98,-0.185,24.27,0.424,103,6764.18,71.84
30,100,20,0.005,0.2,False,-47.68,-9.91,-1.627,-0.5,-52.91,-0.187,27.44,0.566,215,5232.32,68.84
25,100,20,0.002,0.15,True,-36.67,-7.09,-1.631,-0.418,-37.29,-0.19,27.44,0.513,164,6333.07,71.34
30,50,30,0.005,0.25,False,-51.23,-10.92,-1.633,-0.488,-55.5,-0.197,27.14,0.558,199,4877.17,72.36
30,50,20,0.01,0.15,False,-39.77,-7.84,-1.646,-0.442,-41.13,-0.191,26.55,0.525,177,6022.84,67.8
35,50,30,0.01,0.2,False,-40.73,-8.08,-1.651,-0.369,-40.73,-0.198,22.5,0.454,120,5926.88,76.67
35,50,20,0.005,0.25,False,-49.37,-10.38,-1.653,-0.456,-51.35,-0.202,26.67,0.536,180,5062.94,70.56
25,50,10,0.002,0.15,True,-43.5,-8.79,-1.661,-0.516,-47.98,-0.183,29.91,0.571,234,5650.48,68.38
30,50,30,0.01,0.15,False,-38.95,-7.64,-1.681,-0.419,-39.59,-0.193,26.75,0.496,157,6105.11,71.34
35,200,30,0.01,0.15,False,-32.58,-6.15,-1.685,-0.308,-32.58,-0.189,23.4,0.388,94,6742.5,74.47
30,50,20,0.005,0.25,False,-55.75,-12.31,-1.686,-0.559,-59.8,-0.206,27.87,0.582,244,4425.16,69.26
35,200,30,0.005,0.15,False,-33.53,-6.37,-1.693,-0.335,-35.5,-0.179,29.66,0.434,118,6647.02,69.49
30,200,20,0.01,0.2,False,-43.15,-8.7,-1.695,-0.405,-43.42,-0.2,22.96,0.465,135,5684.81,74.07
25,50,30,0.005,0.25,False,-55.72,-12.3,-1.699,-0.565,-56.32,-0.218,28.0,0.589,250,4428.47,70.8
35,200,10,0.01,0.2,False,-43.19,-8.71,-1.7,-0.391,-43.19,-0.202,21.26,0.44,127,5681.16,70.87
35,100,20,0.005,0.15,False,-37.91,-7.39,-1.701,-0.418,-38.95,-0.19,29.76,0.501,168,6208.9,66.07
35,50,10,0.002,0.15,True,-33.91,-6.45,-1.705,-0.348,-35.17,-0.183,28.1,0.437,121,6609.22,71.07
30,100,30,0.01,0.15,False,-38.66,-7.57,-1.717,-0.41,-39.35,-0.192,25.69,0.47,144,6133.72,72.92
25,200,20,0.005,0.25,False,-53.94,-11.74,-1.718,-0.532,-55.9,-0.21,29.79,0.57,235,4605.59,65.96
25,100,20,0.01,0.25,False,-54.35,-11.87,-1.721,-0.522,-56.84,-0.209,25.0,0.541,204,4565.18,71.08
35,50,20,0.002,0.2,True,-37.31,-7.25,-1.723,-0.33,-37.31,-0.194,23.23,0.396,99,6269.21,76.77
35,50,30,0.002,0.25,False,-48.99,-10.28,-1.735,-0.444,-51.02,-0.201,25.48,0.492,157,5101.5,73.89
35,100,30,0.01,0.15,False,-35.61,-6.84,-1.736,-0.351,-35.61,-0.192,23.42,0.413,111,6439.5,75.68
30,200,30,0.01,0.2,False,-42.48,-8.52,-1.738,-0.387,-42.48,-0.201,22.13,0.434,122,5751.76,74.59
25,100,30,0.005,0.25,False,-54.38,-11.87,-1.74,-0.538,-54.96,-0.216,27.88,0.561,226,4562.45,69.91
30,100,20,0.01,0.15,False,-40.62,-8.05,-1.752,-0.448,-42.43,-0.19,24.22,0.483,161,5937.63,70.81
30,100,10,0.01,0.25,False,-55.32,-12.17,-1.759,-0.527,-57.06,-0.213,23.23,0.523,198,4468.01,69.19
35,100,10,0.005,0.25,False,-54.77,-12.0,-1.768,-0.532,-55.87,-0.215,26.27,0.543,217,4523.43,64.06
25,200,30,0.002,0.15,True,-34.19,-6.52,-1.769,-0.368,-34.59,-0.188,26.23,0.421,122,6580.73,72.13
35,200,20,0.005,0.2,False,-41.83,-8.36,-1.77,-0.393,-44.18,-0.189,27.01,0.453,137,5816.58,70.07
30,200,30,0.002,0.25,False,-49.72,-10.49,-1.773,-0.472,-49.87,-0.21,23.78,0.483,164,5027.56,71.95
30,50,20,0.002,0.15,True,-36.39,-7.03,-1.786,-0.397,-37.71,-0.186,28.37,0.449,141,6360.89,70.21
30,50,10,0.002,0.15,True,-40.91,-8.13,-1.801,-0.465,-42.37,-0.192,27.01,0.485,174,5908.86,70.11
25,50,20,0.01,0.2,False,-51.36,-10.96,-1.81,-0.54,-53.52,-0.205,27.06,0.536,218,4864.15,68.81
25,100,30,0.002,0.15,True,-35.5,-6.82,-1.818,-0.4,-36.05,-0.189,26.12,0.432,134,6450.48,72.39
35,100,30,0.002,0.2,False,-43.78,-8.86,-1.819,-0.421,-45.61,-0.194,27.4,0.455,146,5621.91,71.92
35,50,30,0.005,0.15,False,-38.63,-7.56,-1.836,-0.421,-40.78,-0.185,28.19,0.451,149,6137.37,71.14
25,200,20,0.002,0.25,False,-57.43,-12.85,-1.843,-0.605,-58.8,-0.219,27.78,0.551,252,4257.21,67.46
25,50,20,0.005,0.25,False,-60.69,-13.96,-1.846,-0.659,-62.52,-0.223,28.52,0.59,298,3931.12,68.12
30,100,30,0.002,0.2,False,-49.34,-10.38,-1.856,-0.525,-51.94,-0.2,27.14,0.507,199,5065.74,71.36
35,50,20,0.01,0.15,False,-39.41,-7.75,-1.858,-0.423,-40.47,-0.192,23.53,0.424,136,6058.79,72.06
30,200,30,0.005,0.15,False,-38.98,-7.65,-1.865,-0.428,-39.64,-0.193,30.77,0.451,156,6101.98,67.31
30,50,30,0.002,0.15,True,-34.64,-6.62,-1.868,-0.38,-34.78,-0.19,26.23,0.403,122,6536.11,72.13
30,50,30,0.005,0.2,False,-50.35,-10.67,-1.87,-0.533,-53.66,-0.199,26.63,0.503,199,4965.16,72.36
30,100,30,0.005,0.15,False,-41.97,-8.39,-1.884,-0.484,-45.55,-0.184,28.89,0.476,180,5802.5,70.0
35,100,10,0.01,0.15,False,-42.8,-8.6,-1.889,-0.457,-42.8,-0.201,20.81,0.429,149,5720.37,69.8
25,100,20,0.01,0.2,False,-52.28,-11.24,-1.892,-0.557,-54.31,-0.207,24.51,0.5,204,4771.86,71.08
35,200,10,0.005,0.25,False,-52.78,-11.39,-1.892,-0.493,-55.55,-0.205,24.16,0.476,178,4721.93,62.92
30,100,10,0.01,0.2,False,-53.05,-11.47,-1.896,-0.553,-54.48,-0.211,22.73,0.49,198,4694.61,69.19
35,50,20,0.002,0.15,True,-35.11,-6.73,-1.898,-0.35,-35.11,-0.192,23.23,0.34,99,6489.14,76.77
30,200,20,0.005,0.15,False,-42.22,-8.46,-1.908,-0.482,-44.14,-0.192,28.41,0.464,176,5778.05,68.18
35,50,20,0.005,0.2,False,-48.84,-10.23,-1.909,-0.499,-50.27,-0.204,26.67,0.476,180,5116.25,70.56
30,100,20,0.002,0.25,False,-58.0,-13.04,-1.916,-0.599,-60.89,-0.214,26.72,0.526,232,4199.82,69.4
25,100,30,0.01,0.25,False,-56.21,-12.46,-1.917,-0.543,-58.15,-0.214,23.24,0.484,185,4379.02,74.59
35,50,10,0.01,0.25,False,-55.34,-12.18,-1.937,-0.518,-55.34,-0.22,19.63,0.445,163,4465.98,71.78
35,50,30,0.01,0.15,False,-39.18,-7.7,-1.939,-0.405,-39.18,-0.196,22.5,0.383,120,6081.73,76.67
35,50,30,0.002,0.2,False,-47.8,-9.94,-1.948,-0.476,-49.32,-0.202,25.48,0.44,157,5220.45,73.89
30,200,10,0.005,0.25,False,-59.18,-13.44,-1.95,-0.612,-60.17,-0.223,25.41,0.521,244,4082.2,61.07
30,200,30,0.002,0.2,False,-47.98,-9.99,-1.956,-0.501,-48.01,-0.208,23.78,0.438,164,5202.12,71.95
35,200,10,0.01,0.15,False,-41.59,-8.3,-1.957,-0.424,-41.69,-0.199,20.47,0.377,127,5840.82,70.87
25,200,30,0.005,0.25,False,-55.48,-12.22,-1.958,-0.539,-56.53,-0.216,28.36,0.495,201,4451.82,68.66
35,200,30,0.002,0.25,False,-48.06,-10.02,-1.964,-0.431,-50.49,-0.198,22.4,0.391,125,5193.8,76.8
30,200,20,0.002,0.25,False,-55.66,-12.28,-1.968,-0.549,-56.3,-0.218,23.94,0.47,188,4434.39,71.28
25,50,30,0.01,0.25,False,-57.47,-12.87,-1.973,-0.558,-58.37,-0.22,25.26,0.488,194,4252.61,74.23
30,50,20,0.005,0.2,False,-55.66,-12.28,-1.979,-0.622,-58.85,-0.209,27.46,0.518,244,4433.7,69.26
30,50,30,0.002,0.25,False,-58.18,-13.1,-1.981,-0.599,-59.56,-0.22,25.46,0.502,216,4181.6,72.69
25,100,30,0.005,0.2,False,-53.5,-11.6,-1.985,-0.589,-53.9,-0.215,27.43,0.505,226,4650.38,69.91
30,200,20,0.01,0.15,False,-41.35,-8.24,-1.99,-0.446,-41.64,-0.198,22.22,0.396,135,5865.5,74.07
25,200,20,0.005,0.2,False,-53.6,-11.63,-1.99,-0.589,-54.91,-0.212,29.79,0.508,235,4640.47,65.96
25,50,30,0.005,0.2,False,-55.79,-12.32,-2.025,-0.636,-56.19,-0.219,28.0,0.521,250,4421.03,70.8
35,100,10,0.005,0.2,False,-54.22,-11.83,-2.025,-0.583,-55.06,-0.215,26.27,0.485,217,4577.74,64.06
30,200,30,0.01,0.15,False,-40.63,-8.06,-2.032,-0.424,-40.63,-0.198,22.13,0.364,122,5936.64,74.59
30,100,20,0.005,0.15,False,-47.75,-9.93,-2.033,-0.585,-51.45,-0.193,26.98,0.476,215,5224.95,68.84
25,100,30,0.01,0.2,False,-53.74,-11.68,-2.061,-0.568,-55.19,-0.212,23.24,0.449,185,4626.43,74.59
30,200,10,0.01,0.25,False,-57.8,-12.98,-2.08,-0.548,-58.04,-0.224,20.83,0.425,168,4220.04,72.02
25,100,20,0.002,0.25,False,-64.45,-15.35,-2.081,-0.738,-66.06,-0.232,27.42,0.543,299,3555.02,68.23
25,200,20,0.002,0.2,False,-56.39,-12.51,-2.086,-0.659,-57.31,-0.218,27.38,0.498,252,4361.2,67.46
25,50,30,0.002,0.25,False,-63.04,-14.82,-2.088,-0.717,-63.36,-0.234,24.72,0.522,267,3695.57,72.66
35,50,10,0.01,0.2,False,-53.35,-11.56,-2.089,-0.539,-53.35,-0.217,19.63,0.41,163,4664.98,71.78
30,50,10,0.01,0.25,False,-62.43,-14.59,-2.1,-0.641,-63.23,-0.231,23.42,0.474,222,3756.51,68.02
35,200,20,0.005,0.15,False,-40.96,-8.14,-2.128,-0.44,-42.32,-0.192,25.55,0.37,137,5904.03,70.07
35,200,10,0.005,0.2,False,-51.87,-11.11,-2.132,-0.532,-53.76,-0.207,24.16,0.423,178,4812.61,62.92
30,100,20,0.002,0.2,False,-56.59,-12.58,-2.137,-0.645,-58.99,-0.213,26.72,0.476,232,4341.35,69.4
35,200,30,0.002,0.2,False,-46.3,-9.53,-2.151,-0.451,-48.12,-0.198,22.4,0.346,125,5370.37,76.8
35,100,30,0.002,0.15,False,-42.75,-8.59,-2.155,-0.468,-43.61,-0.197,26.71,0.374,146,5724.66,71.92
30,200,20,0.002,0.2,False,-53.84,-11.71,-2.16,-0.582,-54.25,-0.216,23.94,0.425,188,4616.25,71.28
25,50,20,0.005,0.2,False,-60.58,-13.93,-2.166,-0.738,-61.95,-0.225,28.19,0.525,298,3942.05,68.12
30,100,10,0.01,0.15,False,-51.01,-10.86,-2.182,-0.607,-51.9,-0.209,21.72,0.428,198,4899.18,69.19
30,100,10,0.005,0.25,False,-67.22,-16.45,-2.195,-0.774,-68.75,-0.239,25.25,0.516,297,3277.52,64.65
30,100,30,0.002,0.15,False,-48.0,-10.0,-2.201,-0.592,-49.43,-0.202,26.13,0.43,199,5200.04,71.36
25,50,30,0.01,0.2,False,-55.95,-12.37,-2.201,-0.596,-56.64,-0.218,25.26,0.438,194,4405.18,74.23
25,50,10,0.01,0.25,False,-67.94,-16.74,-2.205,-0.75,-70.12,-0.239,25.7,0.503,284,3206.2,64.79
35,100,10,0.002,0.25,False,-62.38,-14.57,-2.212,-0.669,-62.87,-0.232,23.93,0.464,234,3762.12,64.1
25,200,20,0.01,0.25,False,-60.07,-13.75,-2.22,-0.598,-60.94,-0.226,22.1,0.417,181,3993.2,74.59
30,200,10,0.005,0.2,False,-58.57,-13.23,-2.224,-0.668,-59.33,-0.223,25.41,0.465,244,4143.38,61.07
25,50,20,0.01,0.15,False,-50.87,-10.82,-2.229,-0.622,-52.19,-0.207,26.61,0.449,218,4912.77,68.81
30,200,10,0.01,0.2,False,-55.48,-12.22,-2.231,-0.569,-55.73,-0.219,20.83,0.391,168,4452.04,72.02
30,200,30,0.002,0.15,False,-45.81,-9.4,-2.233,-0.546,-45.81,-0.205,23.17,0.374,164,5418.56,71.95
25,100,30,0.002,0.25,False,-63.34,-14.93,-2.234,-0.702,-63.97,-0.233,25.82,0.477,244,3666.12,72.95
25,100,20,0.01,0.15,False,-50.81,-10.8,-2.244,-0.624,-52.12,-0.207,24.02,0.426,204,4918.74,71.08
30,50,30,0.002,0.2,False,-56.95,-12.69,-2.246,-0.648,-57.84,-0.219,25.46,0.446,216,4305.49,72.69
25,100,10,0.01,0.25,False,-67.2,-16.44,-2.251,-0.743,-70.07,-0.235,23.26,0.473,258,3280.2,67.44
30,50,30,0.005,0.15,False,-49.02,-10.28,-2.256,-0.606,-51.05,-0.201,25.63,0.423,199,5098.4,72.36
35,100,20,0.002,0.25,False,-58.1,-13.07,-2.26,-0.584,-58.1,-0.225,23.6,0.404,178,4190.21,73.03
30,200,10,0.002,0.25,False,-64.86,-15.5,-2.269,-0.729,-65.37,-0.237,23.53,0.462,255,3514.4,63.92
25,200,30,0.005,0.2,False,-55.15,-12.12,-2.282,-0.593,-55.66,-0.218,28.36,0.427,201,4484.61,68.66
35,50,30,0.002,0.15,False,-46.15,-9.49,-2.285,-0.525,-46.95,-0.202,24.84,0.365,157,5385.33,73.89
30,50,10,0.01,0.2,False,-60.39,-13.86,-2.286,-0.676,-61.02,-0.227,22.97,0.435,222,3960.89,68.02
35,50,20,0.005,0.15,False,-48.14,-10.04,-2.329,-0.564,-49.01,-0.205,25.56,0.39,180,5185.52,70.56
25,100,30,0.01,0.15,False,-51.05,-10.87,-2.338,-0.617,-51.79,-0.21,23.24,0.388,185,4894.51,74.59
25,200,30,0.01,0.25,False,-59.33,-13.49,-2.342,-0.578,-59.44,-0.227,20.75,0.371,159,4066.57,76.73
25,100,30,0.005,0.15,False,-52.2,-11.21,-2.344,-0.663,-52.47,-0.214,27.43,0.428,226,4779.99,69.91
30,50,20,0.002,0.25,False,-67.38,-16.51,-2.352,-0.774,-68.67,-0.24,25.28,0.475,269,3262.26,70.63
25,100,20,0.002,0.2,False,-63.14,-14.85,-2.359,-0.806,-64.29,-0.231,27.09,0.489,299,3686.21,68.23
25,100,20,0.005,0.25,False,-67.8,-16.68,-2.365,-0.796,-68.58,-0.243,25.44,0.483,283,3220.37,69.96
35,50,10,0.005,0.25,False,-66.5,-16.15,-2.368,-0.732,-67.31,-0.24,22.59,0.443,239,3350.03,67.36
25,200,20,0.01,0.2,False,-57.45,-12.86,-2.388,-0.623,-58.22,-0.221,22.1,0.381,181,4255.27,74.59
35,50,10,0.01,0.15,False,-51.32,-10.95,-2.402,-0.582,-51.32,-0.213,19.02,0.347,163,4867.54,71.78
25,200,30,0.002,0.25,False,-62.92,-14.77,-2.403,-0.676,-62.98,-0.235,23.67,0.41,207,3707.61,73.91
25,100,10,0.01,0.2,False,-64.66,-15.43,-2.403,-0.775,-67.09,-0.23,22.87,0.441,258,3533.74,67.44
35,100,10,0.005,0.15,False,-53.05,-11.47,-2.406,-0.656,-53.63,-0.214,26.27,0.407,217,4694.91,64.06
25,50,10,0.01,0.2,False,-66.28,-16.06,-2.424,-0.798,-68.02,-0.236,25.35,0.46,284,3372.03,64.79
35,200,30,0.002,0.15,False,-43.94,-8.9,-2.425,-0.482,-44.98,-0.198,21.6,0.283,125,5606.11,76.8
25,50,30,0.002,0.2,False,-62.3,-14.54,-2.425,-0.788,-62.54,-0.233,24.72,0.459,267,3769.59,72.66
30,200,10,0.002,0.2,False,-62.74,-14.7,-2.448,-0.768,-63.14,-0.233,23.53,0.424,255,3725.79,63.92
25,200,10,0.002,0.25,False,-72.38,-18.72,-2.457,-0.9,-74.25,-0.252,25.37,0.493,339,2762.36,61.65
30,50,20,0.005,0.15,False,-55.34,-12.18,-2.466,-0.721,-57.41,-0.212,26.23,0.426,244,4465.54,69.26
25,50,30,0.005,0.15,False,-55.16,-12.12,-2.472,-0.73,-55.41,-0.219,27.2,0.434,250,4484.22,70.8
25,200,20,0.005,0.15,False,-53.52,-11.61,-2.49,-0.686,-54.1,-0.215,28.09,0.411,235,4647.94,65.96
25,100,30,0.002,0.2,False,-61.67,-14.31,-2.491,-0.75,-62.02,-0.231,25.41,0.426,244,3832.81,72.95
30,100,10,0.005,0.2,False,-66.33,-16.09,-2.492,-0.84,-67.48,-0.238,24.92,0.461,297,3366.62,64.65
35,200,10,0.005,0.15,False,-50.35,-10.67,-2.494,-0.589,-51.66,-0.206,24.16,0.348,178,4964.88,62.92
35,100,20,0.002,0.2,False,-56.22,-12.46,-2.496,-0.618,-56.22,-0.222,23.03,0.356,178,4378.01,73.03
25,50,20,0.002,0.25,False,-71.81,-18.45,-2.507,-0.921,-73.57,-0.251,24.85,0.493,334,2818.65,69.46
30,100,20,0.002,0.15,False,-55.11,-12.11,-2.519,-0.722,-56.75,-0.213,25.43,0.399,232,4488.74,69.4
30,200,20,0.002,0.15,False,-51.82,-11.1,-2.519,-0.642,-52.17,-0.213,23.4,0.353,188,4818.34,71.28
25,200,10,0.005,0.25,False,-72.63,-18.84,-2.52,-0.891,-73.29,-0.257,24.76,0.473,319,2737.17,63.01
25,200,30,0.01,0.2,False,-56.92,-12.69,-2.521,-0.599,-56.92,-0.223,20.75,0.332,159,4307.88,76.73
35,100,10,0.002,0.2,False,-61.61,-14.29,-2.521,-0.725,-61.99,-0.231,23.5,0.406,234,3839.17,64.1
30,200,10,0.01,0.15,False,-52.89,-11.42,-2.534,-0.611,-53.16,-0.215,20.24,0.332,168,4711.12,72.02
35,200,20,0.002,0.25,False,-58.39,-13.17,-2.542,-0.577,-58.39,-0.226,19.18,0.308,146,4160.97,76.71
25,200,20,0.002,0.15,False,-55.71,-12.3,-2.562,-0.758,-56.03,-0.219,26.19,0.409,252,4428.88,67.46
25,50,30,0.01,0.15,False,-53.84,-11.71,-2.568,-0.656,-54.32,-0.216,24.74,0.365,194,4615.87,74.23
30,100,10,0.002,0.25,False,-72.56,-18.8,-2.579,-0.914,-73.43,-0.256,24.77,0.464,323,2744.26,63.16
25,200,10,0.01,0.25,False,-69.26,-17.31,-2.584,-0.769,-70.75,-0.245,20.8,0.39,226,3073.77,69.47
35,50,10,0.005,0.2,False,-64.74,-15.46,-2.594,-0.775,-65.39,-0.236,22.59,0.399,239,3526.28,67.36
30,50,20,0.002,0.2,False,-65.76,-15.86,-2.608,-0.826,-66.79,-0.237,25.28,0.425,269,3424.22,70.63
35,200,10,0.002,0.25,False,-64.3,-15.29,-2.63,-0.7,-64.77,-0.236,18.46,0.348,195,3570.03,66.67
30,50,10,0.01,0.15,False,-58.33,-13.15,-2.639,-0.74,-58.76,-0.224,21.17,0.369,222,4167.24,68.02
25,100,20,0.005,0.2,False,-66.11,-16.0,-2.646,-0.857,-66.74,-0.24,25.09,0.432,283,3388.75,69.96
35,50,20,0.002,0.25,False,-65.19,-15.63,-2.647,-0.703,-65.19,-0.24,20.42,0.352,191,3481.19,76.44
30,50,30,0.002,0.15,False,-55.11,-12.11,-2.662,-0.723,-55.63,-0.218,24.54,0.369,216,4488.7,72.69
30,200,10,0.005,0.15,False,-57.46,-12.86,-2.677,-0.757,-57.98,-0.222,25.0,0.383,244,4254.1,61.07
25,200,30,0.002,0.2,False,-61.54,-14.27,-2.7,-0.719,-61.56,-0.232,23.67,0.355,207,3846.29,73.91
25,200,20,0.01,0.15,False,-54.59,-11.94,-2.706,-0.669,-55.24,-0.216,21.55,0.32,181,4540.72,74.59
25,200,30,0.005,0.15,False,-53.84,-11.71,-2.714,-0.664,-54.11,-0.216,28.36,0.342,201,4615.67,68.66
25,50,20,0.005,0.15,False,-60.67,-13.96,-2.719,-0.863,-61.22,-0.228,27.52,0.428,298,3933.43,68.12
35,200,20,0.002,0.2,False,-55.86,-12.34,-2.723,-0.596,-55.86,-0.221,18.49,0.271,146,4414.25,76.71
25,100,10,0.01,0.15,False,-62.25,-14.53,-2.736,-0.844,-63.77,-0.228,20.93,0.38,258,3774.53,67.44
25,200,10,0.002,0.2,False,-71.4,-18.26,-2.763,-0.972,-72.98,-0.25,24.78,0.44,339,2860.46,61.65
30,50,10,0.005,0.25,False,-76.55,-20.83,-2.769,-1.012,-77.28,-0.27,24.27,0.45,342,2345.44,65.2
25,200,10,0.01,0.2,False,-66.95,-16.33,-2.773,-0.799,-68.39,-0.239,20.8,0.354,226,3305.36,69.47
35,200,10,0.002,0.2,False,-61.83,-14.37,-2.8,-0.724,-62.21,-0.231,18.46,0.314,195,3817.03,66.67
25,200,10,0.005,0.2,False,-71.43,-18.28,-2.804,-0.954,-71.96,-0.254,24.76,0.422,319,2856.88,63.01
25,200,30,0.01,0.15,False,-53.51,-11.61,-2.813,-0.637,-53.51,-0.217,20.75,0.276,159,4649.23,76.73
30,200,10,0.002,0.15,False,-60.36,-13.85,-2.815,-0.848,-60.63,-0.228,21.57,0.359,255,3964.1,63.92
25,50,10,0.005,0.25,False,-80.95,-23.44,-2.837,-1.165,-81.78,-0.287,25.06,0.486,423,1904.8,65.48
30,100,10,0.002,0.2,False,-70.85,-18.01,-2.842,-0.977,-71.55,-0.252,24.15,0.417,323,2914.95,63.16
25,100,10,0.005,0.25,False,-79.56,-22.57,-2.848,-1.109,-80.1,-0.282,23.12,0.454,372,2044.15,66.67
25,100,20,0.002,0.15,False,-62.16,-14.49,-2.851,-0.92,-62.7,-0.231,25.75,0.403,299,3783.95,68.23
25,50,20,0.002,0.2,False,-70.56,-17.88,-2.856,-1.004,-71.85,-0.249,24.85,0.435,334,2943.65,69.46
35,100,20,0.002,0.15,False,-53.7,-11.67,-2.859,-0.668,-53.7,-0.217,22.47,0.29,178,4630.29,73.03
25,100,30,0.002,0.15,False,-59.41,-13.52,-2.869,-0.826,-59.45,-0.227,23.77,0.357,244,4059.38,72.95
25,50,10,0.01,0.15,False,-64.94,-15.53,-2.876,-0.893,-65.85,-0.236,22.89,0.384,284,3506.36,64.79
35,50,20,0.002,0.2,False,-62.83,-14.74,-2.891,-0.734,-62.83,-0.235,19.9,0.31,191,3717.15,76.44
25,50,30,0.002,0.15,False,-61.09,-14.11,-2.925,-0.888,-61.25,-0.23,24.34,0.375,267,3890.85,72.66
30,100,10,0.005,0.15,False,-64.68,-15.43,-2.925,-0.938,-65.47,-0.236,24.24,0.387,297,3532.39,64.65
25,100,10,0.002,0.25,False,-80.73,-23.3,-2.937,-1.167,-81.91,-0.284,24.69,0.458,409,1926.95,62.84
25,50,10,0.002,0.25,False,-82.45,-24.45,-2.978,-1.244,-83.98,-0.291,26.19,0.482,462,1754.58,61.9
35,50,10,0.005,0.15,False,-62.43,-14.59,-2.982,-0.844,-62.9,-0.232,22.59,0.332,239,3756.84,67.36
35,50,10,0.002,0.25,False,-74.92,-19.97,-2.987,-0.948,-75.25,-0.265,20.0,0.368,270,2507.78,67.78
35,200,20,0.002,0.15,False,-52.44,-11.28,-3.0,-0.626,-52.44,-0.215,17.81,0.222,146,4756.07,76.71
35,100,10,0.002,0.15,False,-60.15,-13.78,-3.007,-0.807,-60.42,-0.228,23.5,0.326,234,3984.71,64.1
30,50,20,0.002,0.15,False,-63.89,-15.13,-3.073,-0.917,-64.43,-0.235,24.16,0.349,269,3611.43,70.63
30,50,10,0.005,0.2,False,-75.17,-20.1,-3.089,-1.083,-75.73,-0.265,24.27,0.399,342,2482.81,65.2
25,200,30,0.002,0.15,False,-59.03,-13.39,-3.093,-0.78,-59.03,-0.227,22.71,0.286,207,4096.9,73.91
25,100,10,0.005,0.2,False,-77.92,-21.6,-3.115,-1.173,-78.42,-0.275,22.85,0.41,372,2208.37,66.67
25,200,10,0.01,0.15,False,-64.12,-15.22,-3.121,-0.855,-65.3,-0.233,19.47,0.296,226,3587.91,69.47
25,100,20,0.005,0.15,False,-64.47,-15.35,-3.133,-0.956,-64.91,-0.237,24.03,0.352,283,3552.96,69.96
35,200,10,0.002,0.15,False,-58.7,-13.28,-3.138,-0.773,-58.97,-0.225,18.46,0.26,195,4130.26,66.67
35,50,20,0.002,0.15,False,-59.52,-13.56,-3.238,-0.779,-59.52,-0.228,19.37,0.255,191,4048.11,76.44
25,50,10,0.005,0.2,False,-80.25,-22.99,-3.239,-1.268,-80.95,-0.284,24.82,0.426,423,1975.36,65.48
35,50,10,0.002,0.2,False,-72.99,-19.01,-3.252,-0.993,-73.26,-0.26,20.0,0.325,270,2700.56,67.78
25,100,10,0.002,0.2,False,-79.39,-22.46,-3.26,-1.251,-80.4,-0.279,23.72,0.409,409,2060.89,62.84
30,100,10,0.002,0.15,False,-68.74,-17.08,-3.271,-1.081,-69.23,-0.247,21.98,0.349,323,3126.41,63.16
25,200,10,0.002,0.15,False,-70.1,-17.67,-3.302,-1.094,-71.21,-0.248,23.89,0.36,339,2990.05,61.65
25,200,10,0.005,0.15,False,-69.92,-17.6,-3.311,-1.063,-70.29,-0.25,24.14,0.344,319,3007.81,63.01
30,50,10,0.002,0.25,False,-82.19,-24.27,-3.326,-1.218,-82.56,-0.294,23.18,0.387,371,1781.18,66.04
25,50,20,0.002,0.15,False,-69.04,-17.21,-3.398,-1.128,-69.73,-0.247,23.95,0.355,334,3095.57,69.46
25,50,10,0.002,0.2,False,-81.8,-24.0,-3.418,-1.36,-83.08,-0.289,25.76,0.421,462,1819.59,61.9
25,100,10,0.005,0.15,False,-75.87,-20.47,-3.587,-1.287,-76.17,-0.269,21.77,0.342,372,2413.39,66.67
30,50,10,0.002,0.2,False,-80.11,-22.91,-3.6,-1.284,-80.39,-0.285,22.91,0.345,371,1989.04,66.04
30,50,10,0.005,0.15,False,-73.31,-19.17,-3.613,-1.196,-73.67,-0.26,23.1,0.325,342,2668.64,65.2
35,50,10,0.002,0.15,False,-70.29,-17.76,-3.698,-1.068,-70.49,-0.252,19.63,0.263,270,2971.08,67.78
25,100,10,0.002,0.15,False,-77.83,-21.55,-3.828,-1.395,-78.51,-0.274,22.25,0.334,409,2216.79,62.84
25,50,10,0.005,0.15,False,-79.13,-22.31,-3.875,-1.424,-79.59,-0.28,23.64,0.344,423,2087.01,65.48
30,50,10,0.002,0.15,False,-77.58,-21.4,-4.071,-1.395,-77.75,-0.275,20.75,0.284,371,2242.29,66.04
25,50,10,0.002,0.15,False,-80.76,-23.32,-4.095,-1.533,-81.65,-0.286,24.46,0.337,462,1924.31,61.9
